id,name,email
1,Kevin Cross,zfrazier@example.com
2,Jordan Weiss,juan24@example.com
3,Terry Gutierrez,erikwoodard@example.org
4,Marissa Tran,jameskelly@example.net
5,Jessica Smith,uwong@example.net
6,Richard Richardson,oscar94@example.net
7,David Rodgers,michelletrujillo@example.org
8,Cole Huang,petersonmark@example.net
9,Maria Bush,abaker@example.com
10,Brian Smith,xmiller@example.org
11,Mrs. Laura Ball,martinezshaun@example.com
12,Ryan Rodriguez,davidsonmary@example.com
13,Deborah Drake,ijohnson@example.com
14,Tina Johnson,joel66@example.org
15,Kimberly Chen,jose15@example.com
16,Heidi Allen,andrew78@example.com
17,Gilbert Graham,virginia85@example.net
18,Andrew Lewis,jessicamathews@example.net
19,Jason Hill,canturichard@example.org
20,Thomas White,hollowayeric@example.org
21,Kevin Rodriguez,pachecokaren@example.org
22,John Walker,bonniebarber@example.com
23,Amanda Thomas,christopher34@example.org
24,Jacob Richardson,xparrish@example.org
25,Julia Ramirez,steven03@example.com
26,Alexander Johnston,ian72@example.com
27,Kevin Ellison,dannykhan@example.com
28,Diamond Sims,richardshort@example.com
29,Jacqueline Myers,susan63@example.net
30,Judy Thompson DDS,tyler42@example.net
31,Timothy Richardson,charlottemay@example.org
32,Jillian Dodson,craig70@example.net
33,Christopher Wright,nthompson@example.net
34,Curtis Coleman,braycassandra@example.com
35,Tara Davis,scott25@example.com
36,John Gallagher,aprildavis@example.net
37,Stacey Collins,katherine07@example.net
38,Geoffrey Liu,owenmarcus@example.net
39,Susan Wolfe,uguerrero@example.org
40,Keith Mcmahon,westmallory@example.com
41,Christopher Ramos,delliott@example.com
42,Dennis Smith,valerieyoung@example.org
43,Brandon Williams,james57@example.com
44,James Reynolds,irodriguez@example.net
45,Michael Ross MD,tcastillo@example.org
46,Susan Taylor,janderson@example.org
47,Donna Myers,hwalls@example.org
48,Mr. Jared Moore,jwebster@example.net
49,Kathryn Wade DDS,rosariomanuel@example.net
50,Rhonda Estes,richard74@example.org
51,Dr. Katelyn Wilson,nicole74@example.com
52,Troy Miller,vanessastark@example.org
53,Andrew Hicks,jacobsims@example.org
54,Billy Wilson,rosswilliams@example.net
55,Kelly Dixon,elizabeth23@example.com
56,Dawn Munoz,zmiller@example.org
57,Morgan Herrera,bobbyhays@example.com
58,Paul Page,ugraves@example.net
59,Whitney Miller,larasarah@example.org
60,Amanda Jones,crawfordsandra@example.net
61,Paul Walsh,david03@example.com
62,Mr. Joseph Moore,kimvelazquez@example.org
63,Lauren Poole,jbest@example.com
64,Joshua Richards,farmerjoshua@example.com
65,Calvin Boone,qwilliams@example.net
66,Natalie Cisneros,alicia78@example.org
67,Laura Wang,washingtonxavier@example.net
68,Kristina Gaines,linda87@example.org
69,John Schmidt,tewing@example.com
70,Anthony Johnson,kriley@example.org
71,Brian Fry,gfischer@example.net
72,Jonathan Huang,thompsonsamantha@example.org
73,Frances Harrison,christinaedwards@example.org
74,Leonard Rodriguez,mitchellhayden@example.org
75,Marie Williams,simmonslaura@example.org
76,Martin Brown,tyler35@example.org
77,Rachel Randolph,zsantiago@example.net
78,Kelly Patel,nwade@example.com
79,Kimberly Barrett,wjohnson@example.org
80,Michelle Marquez,lhines@example.org
81,Zachary David,christopher51@example.net
82,Tristan Thomas,carterkathryn@example.org
83,Derek Shields,jacksonholly@example.com
84,Zachary Yoder,madison81@example.net
85,Angela Adams,deleonjuan@example.org
86,Barbara Moore,xvalencia@example.org
87,Lisa Larson,ptate@example.org
88,Joseph Brown,elizabethpatton@example.com
89,Zachary Freeman,jford@example.com
90,Nicole Fritz,ryanperkins@example.net
91,Emily Gardner,calderonjohn@example.org
92,Todd Frey,reynoldsadam@example.net
93,Teresa Jacobs,richardschmidt@example.com
94,Joseph Grant,tsmith@example.net
95,Denise Mendoza,wgoodman@example.org
96,Katie Nguyen,brianwilson@example.net
97,Johnny Garcia,bennettlori@example.net
98,Wendy Sanchez,ndonaldson@example.org
99,Kelli Holder DDS,william65@example.org
100,Jessica Bruce,kaylafuller@example.com
